Geograph,Name,_Section,Height (m),Grid Ref,GridRefXY,xcoord,ycoord
http://www.geograph.org.uk/gridref/NX4275685549,Merrick,27.2,843,NX427855,NX4275685549,242756,585549
http://www.geograph.org.uk/gridref/NX4208986952,Kirriereoch Hill,27.2,786.8,NX420869,NX4208986952,242089,586952
http://www.geograph.org.uk/gridref/NX4978087068,Corserine,27.2,814,NX497870,NX4978087068,249780,587068
http://www.geograph.org.uk/gridref/NX4076290564,Shalloch on Minnoch,27.2,774.1,NX407905,NX4076290564,240762,590564
http://www.geograph.org.uk/gridref/NX5946497995,Cairnsmore of Carsphairn,27.3,797,NX594979,NX5946497995,259464,597995
http://www.geograph.org.uk/gridref/NT1464223538,Broad Law,28.2,840,NT146235,NT1464223538,314642,623538
http://www.geograph.org.uk/gridref/NT1632015095,White Coomb,28.2,821,NT163150,NT1632015095,316320,615095
http://www.geograph.org.uk/gridref/NT1684524740,Cramalt Craig,28.2,830.2,NT168247,NT1684524740,316845,624740
http://www.geograph.org.uk/gridref/NT1136513575,Hart Fell,28.2,808,NT113135,NT1136513575,311365,613575
http://www.geograph.org.uk/gridref/NN7444136853,Creagan na Beinne,1.1,888,NN744368,NN7444136853,274441,736853
http://www.geograph.org.uk/gridref/NN7082832324,Creag Uchdag,1.1,879,NN708323,NN7082832324,270828,732324
http://www.geograph.org.uk/gridref/NN8086230811,Auchnafree Hill,1.1,789,NN808308,NN8086230811,280862,730811
http://www.geograph.org.uk/gridref/NN6016515806,Beinn Each,1.2,813,NN601158,NN6016515806,260165,715806
http://www.geograph.org.uk/gridref/NN6507818687,Meall na Fearna,1.2,809,NN650186,NN6507818687,265078,718687
http://www.geograph.org.uk/gridref/NN5623609777,Ben Ledi,1.3,879,NN562097,NN5623609777,256236,709777
http://www.geograph.org.uk/gridref/NN4172215975,Stob a'Choin,1.3,869,NN417159,NN4172215975,241722,715975
http://www.geograph.org.uk/gridref/NN5421023408,Meall an t-Seallaidh,1.3,852,NN542234,NN5421023408,254210,723408
http://www.geograph.org.uk/gridref/NN5351613728,Benvane,1.3,821,NN535137,NN5351613728,253516,713728
http://www.geograph.org.uk/gridref/NN5456425567,Creag Mac Ranaich,1.3,808.6,NN545255,NN5456425567,254564,725567
http://www.geograph.org.uk/gridref/NN4743216323,Beinn Stacach [Ceann na Baintighearna] [Stob Fear-tomhais] [Beinn Stacath],1.3,771,NN474163,NN4743216323,247432,716323
http://www.geograph.org.uk/gridref/NN3542613028,Beinn a'Choin,1.3,768.7,NN354130,NN3542613028,235426,713028
http://www.geograph.org.uk/gridref/NN2595205822,The Cobbler [Ben Arthur],1.4,884,NN259058,NN2595205822,225952,705822
http://www.geograph.org.uk/gridref/NN2803029235,Beinn Chuirn,1.4,880,NN280292,NN2803029235,228030,729235
http://www.geograph.org.uk/gridref/NN2428107920,Beinn Luibhean,1.4,858,NN242079,NN2428107920,224281,707920
http://www.geograph.org.uk/gridref/NN2306310918,Stob Coire Creagach [Binnein an Fhidhleir],1.4,817,NN230109,NN2306310918,223063,710918
http://www.geograph.org.uk/gridref/NN2706819244,Meall an Fhudair,1.4,764,NN270192,NN2706819244,227068,719244
http://www.geograph.org.uk/gridref/NN2180307893,Beinn an Lochain,19.3,901.7,NN218078,NN2180307893,221803,707893
http://www.geograph.org.uk/gridref/NN2183804307,Ben Donich,19.3,847,NN218043,NN2183804307,221838,704307
http://www.geograph.org.uk/gridref/NN2456503061,The Brack,19.3,787,NN245030,NN2456503061,224565,703061
http://www.geograph.org.uk/gridref/NN2335100755,Cnoc Coinnich,19.3,763.5,NN233007,NN2335100755,223351,700755
http://www.geograph.org.uk/gridref/NS1547998326,Beinn Bheula,19.3,779,NS154983,NS1547998326,215479,698326
http://www.geograph.org.uk/gridref/NN4268844962,Meall Buidhe,2.1,908.2,NN426449,NN4268844962,242688,744962
http://www.geograph.org.uk/gridref/NN5368049126,Cam Chreag,2.1,862,NN536491,NN5368049126,253680,749126
http://www.geograph.org.uk/gridref/NN4560445301,Sron a'Choire Chnapanich [Sron a'Choire Chnapanaich],2.1,837,NN456453,NN4560445301,245604,745301
http://www.geograph.org.uk/gridref/NN6086849755,Beinn Dearg,2.1,830,NN608497,NN6086849755,260868,749755
http://www.geograph.org.uk/gridref/NN8074554376,Meall Tairneachan,2.1,787,NN807543,NN8074554376,280745,754376
http://www.geograph.org.uk/gridref/NN8403355305,Farragon Hill,2.1,782.3,NN840553,NN8403355305,284033,755305
http://www.geograph.org.uk/gridref/NN5416741200,Beinn nan Oighreag,2.2,909.6,NN541412,NN5416741200,254167,741200
http://www.geograph.org.uk/gridref/NN3373533884,Beinn Odhar,2.2,901,NN337338,NN3373533884,233735,733884
http://www.geograph.org.uk/gridref/NN3471936404,Beinn a'Chaisteil,2.2,886,NN347364,NN3471936404,234719,736404
http://www.geograph.org.uk/gridref/NN3755034670,Cam Chreag,2.2,884,NN375346,NN3755034670,237550,734670
http://www.geograph.org.uk/gridref/NN4192830949,Beinn nan Imirean,2.2,849,NN419309,NN4192830949,241928,730949
http://www.geograph.org.uk/gridref/NN3588632825,Beinn Chaorach,2.2,818,NN358328,NN3588632825,235886,732825
http://www.geograph.org.uk/gridref/NN3611138193,Beinn nam Fuaran,2.2,806,NN361381,NN3611138193,236111,738193
http://www.geograph.org.uk/gridref/NN4607739750,Meall nan Subh,2.2,806,NN460397,NN4607739750,246077,739750
http://www.geograph.org.uk/gridref/NN5860143587,Meall nam Maigheach,2.2,778.9,NN586435,NN5860143587,258601,743587
http://www.geograph.org.uk/gridref/NN1692660096,Garbh Bheinn,3.1,867,NN169600,NN1692660096,216926,760096
http://www.geograph.org.uk/gridref/NN2462756682,Beinn a'Chrulaiste,3.1,857,NN246566,NN2462756682,224627,756682
http://www.geograph.org.uk/gridref/NN1349452585,Beinn Maol Chaluim,3.2,907,NN134525,NN1349452585,213494,752585
http://www.geograph.org.uk/gridref/NN0290451712,Fraochaidh,3.2,879,NN029517,NN0290451712,202904,751712
http://www.geograph.org.uk/gridref/NN0864643900,Beinn Trilleachan,3.2,840,NN086439,NN0864643900,208646,743900
http://www.geograph.org.uk/gridref/NN0237442240,Creach Bheinn,3.2,810,NN023422,NN0237442240,202374,742240
http://www.geograph.org.uk/gridref/NN0947852835,Meall Lighiche,3.2,772,NN094528,NN0947852835,209478,752835
http://www.geograph.org.uk/gridref/NN0942428362,Beinn a'Bhuiridh,3.3,897,NN094283,NN0942428362,209424,728362
http://www.geograph.org.uk/gridref/NN1663848831,Stob Dubh,3.3,883,NN166488,NN1663848831,216638,748831
http://www.geograph.org.uk/gridref/NN2214750228,Beinn Mhic Chasgaig,3.3,864,NN221502,NN2214750228,222147,750228
http://www.geograph.org.uk/gridref/NN2806133134,Beinn Udlaidh,3.3,840,NN280331,NN2806133134,228061,733134
http://www.geograph.org.uk/gridref/NN3027733917,Beinn Bhreac-liath,3.3,802,NN302339,NN3027733917,230277,733917
http://www.geograph.org.uk/gridref/NN2087135013,Beinn Mhic-Mhonaidh,3.3,796,NN208350,NN2087135013,220871,735013
http://www.geograph.org.uk/gridref/NN3307164141,Leum Uilleim,4.1,906.4,NN330641,NN3307164141,233071,764141
http://www.geograph.org.uk/gridref/NN2799176373,Cruach Innse,4.1,857,NN279763,NN2799176373,227991,776373
http://www.geograph.org.uk/gridref/NN2902474823,Sgurr Innse,4.1,809,NN290748,NN2902474823,229024,774823
http://www.geograph.org.uk/gridref/NN1150762548,Mam na Gualainn,4.1,796,NN115625,NN1150762548,211507,762548
http://www.geograph.org.uk/gridref/NN2589664116,Glas Bheinn,4.1,792,NN258641,NN2589664116,225896,764116
http://www.geograph.org.uk/gridref/NN5982684264,The Fara,4.2,911.4,NN598842,NN5982684264,259826,784264
http://www.geograph.org.uk/gridref/NN4626071033,Beinn a'Chumhainn,4.2,901.9,NN462710,NN4626071033,246260,771033
http://www.geograph.org.uk/gridref/NN4481764210,Beinn Pharlagain [Ben Pharlagain - Meall na Meoig],4.2,868,NN448642,NN4481764210,244817,764210
http://www.geograph.org.uk/gridref/NN6845861775,Beinn a'Chuallaich,5,892,NN684617,NN6845861775,268458,761775
http://www.geograph.org.uk/gridref/NN5374869424,Stob an Aonaich Mhoir,5,855,NN537694,NN5374869424,253748,769424
http://www.geograph.org.uk/gridref/NN5875065490,Beinn Mholach,5,841.7,NN587654,NN5875065490,258750,765490
http://www.geograph.org.uk/gridref/NN6251974120,The Sow of Atholl [Meall an Dobharchain],5,803,NN625741,NN6251974120,262519,774120
http://www.geograph.org.uk/gridref/NN6405970288,Meall na Leitreach,5,777.3,NN640702,NN6405970288,264059,770288
http://www.geograph.org.uk/gridref/NN7173580507,An Dun,5,827,NN717805,NN7173580507,271735,780507
http://www.geograph.org.uk/gridref/NN7165080143,An Dun,5,827,NN716801,NN7165080143,271650,780143
http://www.geograph.org.uk/gridref/NN8217485829,Leathad an Taobhain,6.1,911.7,NN821858,NN8217485829,282174,785829
http://www.geograph.org.uk/gridref/NN8683882077,Beinn Bhreac,6.1,912.44,NN868820,NN8683882077,286838,782077
http://www.geograph.org.uk/gridref/NN8800575900,Beinn Mheadhonach,6.1,900.8,NN880759,NN8800575900,288005,775900
http://www.geograph.org.uk/gridref/NN7352480711,A'Chaoirnich [Maol Creag an Loch],6.1,875,NN735807,NN7352480711,273524,780711
http://www.geograph.org.uk/gridref/NN8232591187,Carn Dearg Mor,6.1,857,NN823911,NN8232591187,282325,791187
http://www.geograph.org.uk/gridref/NN7766190877,Meallach Mhor,6.1,769,NN776908,NN7766190877,277661,790877
http://www.geograph.org.uk/gridref/NN9972570009,Ben Vuirich,6.2,903,NN997700,NN9972570009,299725,770009
http://www.geograph.org.uk/gridref/NO1150082500,Sgor Mor,6.2,887,NO115825,NO1150082500,311500,782500
http://www.geograph.org.uk/gridref/NO1321088650,Morrone,6.2,859,NO132886,NO1321088650,313210,788650
http://www.geograph.org.uk/gridref/NN9508063243,Ben Vrackie,6.2,842,NN950632,NN9508063243,295080,763243
http://www.geograph.org.uk/gridref/NO1004172214,Ben Gulabin,6.2,806,NO100722,NO1004172214,310041,772214
http://www.geograph.org.uk/gridref/NO1106367368,Meall Uaine,6.2,794,NO110673,NO1106367368,311063,767368
http://www.geograph.org.uk/gridref/NO2794986521,Conachcraig,7,865,NO279865,NO2794986521,327949,786521
http://www.geograph.org.uk/gridref/NO1546484112,Creag nan Gabhar,7,834,NO154841,NO1546484112,315464,784112
http://www.geograph.org.uk/gridref/NO1760070670,Monamenach,7,807,NO176706,NO1760070670,317600,770670
http://www.geograph.org.uk/gridref/NO3734274615,Ben Tirran,7,896,NO373746,NO3734274615,337342,774615
http://www.geograph.org.uk/gridref/NO5496484470,Mount Battock,7,778,NO549844,NO5496484470,354964,784470
http://www.geograph.org.uk/gridref/NO0070691414,Sgor Mor,8,813,NO007914,NO0070691414,300706,791414
http://www.geograph.org.uk/gridref/NH9908611544,Meall a'Bhuachaille,8,810,NH990115,NH9908611544,299086,811544
http://www.geograph.org.uk/gridref/NO1935098826,Culardoch,8,900,NO193988,NO1935098826,319350,798826
http://www.geograph.org.uk/gridref/NJ0574604781,Creag Mhor,8,895,NJ057047,NJ0574604781,305746,804781
http://www.geograph.org.uk/gridref/NO1648997623,Carn Liath,8,861.5,NO164976,NO1648997623,316489,797623
http://www.geograph.org.uk/gridref/NO1573398159,Creag an Dail Bheag,8,863,NO157981,NO1573398159,315733,798159
http://www.geograph.org.uk/gridref/NJ2210504455,Brown Cow Hill,8,829,NJ221044,NJ2210504455,322105,804455
http://www.geograph.org.uk/gridref/NJ0905112699,Geal Charn,8,821,NJ090126,NJ0905112699,309051,812699
http://www.geograph.org.uk/gridref/NO1273893845,Carn na Drochaide,8,818,NO127938,NO1273893845,312738,793845
http://www.geograph.org.uk/gridref/NJ2276911776,Carn Ealasaid,8,792,NJ227117,NJ2276911776,322769,811776
http://www.geograph.org.uk/gridref/NJ3768103996,Morven,21.1,871,NJ376039,NJ3768103996,337681,803996
http://www.geograph.org.uk/gridref/NJ2549935447,Ben Rinnes,21.1,841,NJ254354,NJ2549935447,325499,835447
http://www.geograph.org.uk/gridref/NJ2657618346,Carn Mor,21.1,804,NJ265183,NJ2657618346,326576,818346
http://www.geograph.org.uk/gridref/NJ2809328869,Corryhabbie Hill,21.1,781,NJ280288,NJ2809328869,328093,828869
http://www.geograph.org.uk/gridref/NJ3022727834,Cook's Cairn,21.1,755,NJ302278,NJ3022727834,330227,827834
http://www.geograph.org.uk/gridref/NN4605098527,Gairbeinn,9.2,896,NN460985,NN4605098527,246050,798527
http://www.geograph.org.uk/gridref/NN4298199586,Corrieyairack Hill,9.2,892,NN429995,NN4298199586,242981,799586
http://www.geograph.org.uk/gridref/NH7256107134,Carn an Fhreiceadain,9.2,878,NH725071,NH7256107134,272561,807134
http://www.geograph.org.uk/gridref/NH5152800046,Meall na h-Aisre,9.2,862,NH515000,NH5152800046,251528,800046
http://www.geograph.org.uk/gridref/NH8363612330,Geal-charn Mor,9.2,824,NH836123,NH8363612330,283636,812330
http://www.geograph.org.uk/gridref/NN3613685973,Beinn Teallach,9.3,914.6,NN361859,NN3613685973,236136,785973
http://www.geograph.org.uk/gridref/NN3499696628,Carn Dearg,9.2,817,NN349966,NN3499696628,234996,796628
http://www.geograph.org.uk/gridref/NH4167303403,Carn a'Chuilinn,9.2,817,NH416034,NH4167303403,241673,803403
http://www.geograph.org.uk/gridref/NH5989614408,Carn na Saobhaidhe,9.2,811,NH598144,NH5989614408,259896,814408
http://www.geograph.org.uk/gridref/NH5840011200,Carn na Laraiche Maoile,9.2,810,NH584112,NH5840011200,258400,811200
http://www.geograph.org.uk/gridref/NH4850006300,Carn Easgann Bana,9.2,781,NH485063,NH4850006300,248500,806300
http://www.geograph.org.uk/gridref/NN3572294884,Carn Dearg,9.2,768,NN357948,NN3572294884,235722,794884
http://www.geograph.org.uk/gridref/NN3450488700,Carn Dearg,9.3,834,NN345887,NN3450488700,234504,788700
http://www.geograph.org.uk/gridref/NN2969990046,Beinn Iaruinn,9.3,805,NN296900,NN2969990046,229699,790046
http://www.geograph.org.uk/gridref/NM8465477873,Beinn Odhar Bheag,18.1,882,NM846778,NM8465477873,184654,777873
http://www.geograph.org.uk/gridref/NM7560277838,Rois-Bheinn,18.1,882,NM756778,NM7560277838,175602,777838
http://www.geograph.org.uk/gridref/NM7701677754,Sgurr na Ba Glaise,18.1,874,NM770777,NM7701677754,177016,777754
http://www.geograph.org.uk/gridref/NM7914279179,Druim Fiaclach,18.1,869,NM791791,NM7914279179,179142,779179
http://www.geograph.org.uk/gridref/NM7628579280,An Stac,18.1,814,NM762792,NM7628579280,176285,779280
http://www.geograph.org.uk/gridref/NM8282978819,Beinn Mhic Cedidh,18.1,783,NM828788,NM8282978819,182829,778819
http://www.geograph.org.uk/gridref/NM8895467888,Sgurr Dhomhnuill,18.2,888,NM889678,NM8895467888,188954,767888
http://www.geograph.org.uk/gridref/NM8818868357,Druim Garbh,18.2,803,NM881683,NM8818868357,188188,768357
http://www.geograph.org.uk/gridref/NM9043362214,Garbh Bheinn,18.2,885,NM904622,NM9043362214,190433,762214
http://www.geograph.org.uk/gridref/NM8756075128,Sgurr Ghiubhsachain,18.2,849,NM875751,NM8756075128,187560,775128
http://www.geograph.org.uk/gridref/NM7664265464,Beinn Resipol,18.2,845,NM766654,NM7664265464,176642,765464
http://www.geograph.org.uk/gridref/NM8862869883,Carn na Nathrach,18.2,786,NM886698,NM8862869883,188628,769883
http://www.geograph.org.uk/gridref/NM8955375795,Sgorr Craobh a'Chaorainn,18.2,775,NM895757,NM8955375795,189553,775795
http://www.geograph.org.uk/gridref/NN0168772682,Stob Coire a'Chearcaill,18.2,771,NN016726,NN0168772682,201687,772682
http://www.geograph.org.uk/gridref/NM8746572742,Druim Tarsuinn [Stob a'Bhealach an Sgriodain],18.2,770,NM874727,NM8746572742,187465,772742
http://www.geograph.org.uk/gridref/NM9171566424,Beinn na h-Uamha,18.2,762.4,NM917664,NM9171566424,191715,766424
http://www.geograph.org.uk/gridref/NM8706057648,Creach Bheinn,18.3,853,NM870576,NM8706057648,187060,757648
http://www.geograph.org.uk/gridref/NM8534356342,Fuar Bheinn,18.3,766,NM853563,NM8534356342,185343,756342
http://www.geograph.org.uk/gridref/NG9633409056,Buidhe Bheinn,10.1,885.5,NG963090,NG9633409056,196334,809056
http://www.geograph.org.uk/gridref/NG9567608755,Buidhe Bheinn West Top,10.1,879,NG956087,NG9567608755,195676,808755
http://www.geograph.org.uk/gridref/NG9583311037,Sgurr a'Bhac Chaolais,10.1,885.2,NG958110,NG9583311037,195833,811037
http://www.geograph.org.uk/gridref/NG8543312007,Beinn na h-Eaglaise,10.1,805,NG854120,NG8543312007,185433,812007
http://www.geograph.org.uk/gridref/NH1307807694,Druim nan Cnamh [Beinn Loinne],10.1,789,NH130076,NH1307807694,213078,807694
http://www.geograph.org.uk/gridref/NG9176717364,Sgurr Mhic Bharraich,10.1,779,NG917173,NG9176717364,191767,817364
http://www.geograph.org.uk/gridref/NG8715212123,Beinn nan Caorach,10.1,774,NG871121,NG8715212123,187152,812123
http://www.geograph.org.uk/gridref/NG8959401597,Sgurr a'Choire-bheithe,10.2,913.32,NG895015,NG8959401597,189594,801597
http://www.geograph.org.uk/gridref/NM9874097981,Sgurr an Fhuarain,10.2,901,NM987979,NM9874097981,198740,797981
http://www.geograph.org.uk/gridref/NG9271404866,Sgurr nan Eugallt,10.2,898,NG927048,NG9271404866,192714,804866
http://www.geograph.org.uk/gridref/NG9310104481,Sgurr nan Eugallt East Top,10.2,895,NG931044,NG9310104481,193101,804481
http://www.geograph.org.uk/gridref/NM8993998626,Ben Aden [Beinn an Aodainn],10.2,887,NM899986,NM8993998626,189939,798626
http://www.geograph.org.uk/gridref/NN0125994469,Sgurr Mhurlagain,10.2,880,NN012944,NN0125994469,201259,794469
http://www.geograph.org.uk/gridref/NM9860894041,Fraoch Bheinn,10.2,858,NM986940,NM9860894041,198608,794041
http://www.geograph.org.uk/gridref/NM8217696727,Beinn Bhuidhe,10.2,855,NM821967,NM8217696727,182176,796727
http://www.geograph.org.uk/gridref/NM9479994668,Sgurr Cos na Breachd-laoidh,10.2,835,NM947946,NM9479994668,194799,794668
http://www.geograph.org.uk/gridref/NG7907501078,Sgurr Coire Choinnichean,10.2,796,NG790010,NG7907501078,179075,801078
http://www.geograph.org.uk/gridref/NG7959306698,Beinn na Caillich,10.2,785,NG795066,NG7959306698,179593,806698
http://www.geograph.org.uk/gridref/NN2406497202,Ben Tee,10.3,904,NN240972,NN2406497202,224064,797202
http://www.geograph.org.uk/gridref/NN1854994632,Meall na h-Eilde,10.3,838,NN185946,NN1854994632,218549,794632
http://www.geograph.org.uk/gridref/NN1746495132,Meall Coire nan Saobhaidh,10.3,826,NN174951,NN1746495132,217464,795132
http://www.geograph.org.uk/gridref/NN1561894267,Geal Charn,10.3,804,NN156942,NN1561894267,215618,794267
http://www.geograph.org.uk/gridref/NH2453407847,Meall Dubh,10.3,789,NH245078,NH2453407847,224534,807847
http://www.geograph.org.uk/gridref/NM9466086376,Streap,10.4,909,NM946863,NM9466086376,194660,786376
http://www.geograph.org.uk/gridref/NM9293083547,Beinn an Tuim,10.4,810,NM929835,NM9293083547,192930,783547
http://www.geograph.org.uk/gridref/NM8890393060,Bidein a'Chabair,10.4,867,NM889930,NM8890393060,188903,793060
http://www.geograph.org.uk/gridref/NM9030590943,Carn Mor,10.4,829,NM903909,NM9030590943,190305,790943
http://www.geograph.org.uk/gridref/NM8850283974,Sgurr an Utha,10.4,796,NM885839,NM8850283974,188502,783974
http://www.geograph.org.uk/gridref/NN1406085714,Beinn Bhan,10.4,796,NN140857,NN1406085714,214060,785714
http://www.geograph.org.uk/gridref/NN0293885419,Meall a'Phubuill,10.4,774,NN029854,NN0293885419,202938,785419
http://www.geograph.org.uk/gridref/NM9753286667,Braigh nan Uamhachan,10.4,765,NM975866,NM9753286667,197532,786667
http://www.geograph.org.uk/gridref/NG9404522715,Sgurr an Airgid,11.1,841,NG940227,NG9404522715,194045,822715
http://www.geograph.org.uk/gridref/NH0358821875,Sgurr Gaorsaic,11.1,839,NH035218,NH0358821875,203588,821875
http://www.geograph.org.uk/gridref/NH0733514340,Am Bathach,11.1,798,NH073143,NH0733514340,207335,814340
http://www.geograph.org.uk/gridref/NH1732218022,Aonach Shasuinn,11.2,888,NH173180,NH1732218022,217322,818022
http://www.geograph.org.uk/gridref/NH1368518878,Carn a'Choire Ghairbh,11.2,865,NH136188,NH1368518878,213685,818878
http://www.geograph.org.uk/gridref/NH0872448063,Sgurr nan Ceannaichean,12.1,913.43,NH087480,NH0872448063,208724,848063
http://www.geograph.org.uk/gridref/NH2646655747,Sgurr a'Mhuilinn,12.1,879,NH264557,NH2646655747,226466,855747
http://www.geograph.org.uk/gridref/NH0551843351,Beinn Tharsuinn,12.1,863,NH055433,NH0551843351,205518,843351
http://www.geograph.org.uk/gridref/NH3605943484,Beinn a'Bha'ach Ard [Beinn a'Bhathaich Ard],12.1,862,NH360434,NH3605943484,236059,843484
http://www.geograph.org.uk/gridref/NH0551445398,Sgurr na Feartaig,12.1,863,NH055453,NH0551445398,205514,845398
http://www.geograph.org.uk/gridref/NH2221548950,Bac an Eich,12.1,849,NH222489,NH2221548950,222215,848950
http://www.geograph.org.uk/gridref/NH2637254472,Meallan nan Uan,12.1,838,NH263544,NH2637254472,226372,854472
http://www.geograph.org.uk/gridref/NH1710345392,An Sidhean,12.1,814,NH171453,NH1710345392,217103,845392
http://www.geograph.org.uk/gridref/NH0370738184,Beinn Dronaig,12.1,797,NH037381,NH0370738184,203707,838184
http://www.geograph.org.uk/gridref/NH0576132465,Aonach Buidhe,12.2,899,NH057324,NH0576132465,205761,832465
http://www.geograph.org.uk/gridref/NG9770030360,Sguman Coinntich,12.2,879,NG977303,NG9770030360,197700,830360
http://www.geograph.org.uk/gridref/NH0218431717,Faochaig,12.2,868,NH021317,NH0218431717,202184,831717
http://www.geograph.org.uk/gridref/NH2817836262,Sgorr na Diollaid,12.2,818,NH281362,NH2817836262,228178,836262
http://www.geograph.org.uk/gridref/NG8953060820,Beinn Dearg,13.1,913.7,NG895608,NG8953060820,189530,860820
http://www.geograph.org.uk/gridref/NG9727661340,Ruadh-stac Beag,13.1,896,NG972613,NG9727661340,197276,861340
http://www.geograph.org.uk/gridref/NG9760663421,Meall a'Ghiubhais [Meall a'Ghiuthais],13.1,887,NG976634,NG9760663421,197606,863421
http://www.geograph.org.uk/gridref/NG8703165420,Baosbheinn,13.1,875,NG870654,NG8703165420,187031,865420
http://www.geograph.org.uk/gridref/NG9051164634,Beinn an Eoin,13.1,855,NG905646,NG9051164634,190511,864634
http://www.geograph.org.uk/gridref/NG9754448948,Fuar Tholl,13.2,907,NG975489,NG9754448948,197544,848948
http://www.geograph.org.uk/gridref/NG8926250201,Beinn Damh,13.2,903,NG892502,NG8926250201,189262,850201
http://www.geograph.org.uk/gridref/NG8036145039,Beinn Bhan,13.2,896,NG803450,NG8036145039,180361,845039
http://www.geograph.org.uk/gridref/NG9214548064,An Ruadh-stac,13.2,892,NG921480,NG9214548064,192145,848064
http://www.geograph.org.uk/gridref/NG9690953149,Sgorr nan Lochan Uaine,13.2,871,NG969531,NG9690953149,196909,853149
http://www.geograph.org.uk/gridref/NG7966241752,Sgurr a'Chaorachain,13.2,792,NG796417,NG7966241752,179662,841752
http://www.geograph.org.uk/gridref/NG9790955791,Sgurr Dubh,13.2,782,NG979557,NG9790955791,197909,855791
http://www.geograph.org.uk/gridref/NH0185375655,Ruadh Stac Mor,14.1,918.7,NH018756,NH0185375655,201853,875655
http://www.geograph.org.uk/gridref/NH0613577581,Beinn a'Chlaidheimh,14.1,913.96,NH061775,NH0613577581,206135,877581
http://www.geograph.org.uk/gridref/NH0321779939,Beinn Dearg Mor,14.1,906.28,NH032799,NH0321779939,203217,879939
http://www.geograph.org.uk/gridref/NG9815873278,Beinn Lair,14.1,859,NG981732,NG9815873278,198158,873278
http://www.geograph.org.uk/gridref/NG9825178554,Beinn a'Chaisgein Mor,14.1,856,NG982785,NG9825178554,198251,878554
http://www.geograph.org.uk/gridref/NH0199581134,Beinn Dearg Bheag,14.1,820,NH019811,NH0199581134,201995,881134
http://www.geograph.org.uk/gridref/NH0960075155,Creag Rainich,14.1,807,NH096751,NH0960075155,209600,875155
http://www.geograph.org.uk/gridref/NG9303076184,Beinn Airigh Charr,14.1,792,NG930761,NG9303076184,193030,876184
http://www.geograph.org.uk/gridref/NH0329588706,Sail Mhor,14.1,767,NH032887,NH0329588706,203295,888706
http://www.geograph.org.uk/gridref/NH2808371315,Beinn Liath Mhor a'Ghiubhais Li [Beinn Liath Mhor a'Ghiuthais],14.2,766,NH280713,NH2808371315,228083,871315
http://www.geograph.org.uk/gridref/NH2250080525,Beinn Enaiglair,15.1,890,NH225805,NH2250080525,222500,880525
http://www.geograph.org.uk/gridref/NH3384987583,Carn Ban,15.1,842,NH338875,NH3384987583,233849,887583
http://www.geograph.org.uk/gridref/NH4836083334,Carn Chuinneag,15.2,839,NH483833,NH4836083334,248360,883334
http://www.geograph.org.uk/gridref/NH3699680112,Beinn a'Chaisteil,15.2,787,NH369801,NH3699680112,236996,880112
http://www.geograph.org.uk/gridref/NH4296064480,Little Wyvis,15.2,763,NH429644,NH4296064480,242960,864480
http://www.geograph.org.uk/gridref/NC3152050697,Foinaven [Foinne Bhein] - Ganu Mor,16.2,911.05,NC315506,NC3152050697,231520,950697
http://www.geograph.org.uk/gridref/NC4265533942,Ben Hee,16.2,873,NC426339,NC4265533942,242655,933942
http://www.geograph.org.uk/gridref/NC3572039150,Meallan Liath Coire Mhic Dhughaill,16.2,801,NC357391,NC3572039150,235720,939150
http://www.geograph.org.uk/gridref/NC3506155604,Cranstackie,16.2,801,NC350556,NC3506155604,235061,955604
http://www.geograph.org.uk/gridref/NC3027546180,Arkle,16.2,787,NC302461,NC3027546180,230275,946180
http://www.geograph.org.uk/gridref/NC3526144921,Meall Horn,16.2,777,NC352449,NC3526144921,235261,944921
http://www.geograph.org.uk/gridref/NC3619557297,Beinn Spionnaidh,16.2,773,NC361572,NC3619557297,236195,957297
http://www.geograph.org.uk/gridref/NC5781148861,Ben Loyal - An Caisteal,16.2,764.2,NC578488,NC5781148861,257811,948861
http://www.geograph.org.uk/gridref/NC2867215739,Breabag,16.5,815,NC286157,NC2867215739,228672,915739
http://www.geograph.org.uk/gridref/NC2093829210,Quinag - Sail Gharbh,16.5,809,NC209292,NC2093829210,220938,929210
http://www.geograph.org.uk/gridref/NC3202729490,Beinn Leoid,16.5,792,NC320294,NC3202729490,232027,929490
http://www.geograph.org.uk/gridref/NC1983730426,Quinag - Sail Gorm [Sail Ghorm],16.5,776,NC198304,NC1983730426,219837,930426
http://www.geograph.org.uk/gridref/NC2548626501,Glas Bheinn,16.5,776,NC254265,NC2548626501,225486,926501
http://www.geograph.org.uk/gridref/NC2060227746,Quinag - Spidean Coinich,16.5,764,NC206277,NC2060227746,220602,927746
http://www.geograph.org.uk/gridref/NC1620311919,Cul Mor,16.6,849,NC162119,NC1620311919,216203,911919
http://www.geograph.org.uk/gridref/NC2028918732,Canisp,16.6,847,NC202187,NC2028918732,220289,918732
http://www.geograph.org.uk/gridref/NC1403508834,Cul Beag,16.6,769,NC140088,NC1403508834,214035,908834
http://www.geograph.org.uk/gridref/NG5312523246,Garbh-bheinn,17.2,808,NG531232,NG5312523246,153125,823246
http://www.geograph.org.uk/gridref/NG5136130005,Glamaig - Sgurr Mhairi,17.2,775,NG513300,NG5136130005,151361,830005
http://www.geograph.org.uk/gridref/NM3931095223,Askival,17.4,812,NM393952,NM3931095223,139310,795223
http://www.geograph.org.uk/gridref/NM3784194333,Ainshval,17.4,781,NM378943,NM3784194333,137841,794333
http://www.geograph.org.uk/gridref/NM6724736218,Dun da Ghaoithe,17.5,766,NM672362,NM6724736218,167247,736218
http://www.geograph.org.uk/gridref/NM6254334709,Beinn Talaidh,17.5,761.7,NM625347,NM6254334709,162543,734709
http://www.geograph.org.uk/gridref/NR4980674947,Beinn an Oir,20.1,785,NR498749,NR4980674947,149806,674947
http://www.geograph.org.uk/gridref/NR9913941540,Goatfell [Goat Fell],20.3,874,NR991415,NR9913941540,199139,641540
http://www.geograph.org.uk/gridref/NR9690744324,Caisteal Abhail,20.3,859,NR969443,NR9690744324,196907,644324
http://www.geograph.org.uk/gridref/NR9601541275,Beinn Tarsuinn,20.3,826,NR960412,NR9601541275,196015,641275
http://www.geograph.org.uk/gridref/NR9727843111,Cir Mhor,20.3,799,NR972431,NR9727843111,197278,643111
http://www.geograph.org.uk/gridref/NB1548407302,An Cliseam [Clisham],24.2,799,NB154073,NB1548407302,115484,907302